メニュー名,提供場所,価格,カロリー,小麦,卵,乳製品,そば,落花生,くるみ,かに,えび,確認日,確認方法,備考,タンパク質g,脂質g,塩分g
かけうどん,東京都市大学世田谷キャンパス食堂（９号館）,250,296,含む,含まない,含まない,含まない,含まない,含まない,含まない,含まない,2026-10-05,食品サンプルの札を目視,,8.2,1.0,4.6
【日本の味】豚汁うどん,東京都市大学世田谷キャンパス食堂（９号館）,500,566,含む,含まない,含まない,含まない,含まない,含まない,含まない,含まない,2026-10-05,食品サンプルの札を目視,,22.6,13.7,5.7
肉玉子とじうどん,東京都市大学世田谷キャンパス食堂（９号館）,450,469,含む,含む,含まない,含まない,含まない,含まない,含まない,含まない,2026-10-05,食品サンプルの札を目視,,23.4,8.9,4.9
すき焼きうどん,東京都市大学世田谷キャンパス食堂（９号館）,500,573,含む,含む,含む,含まない,含まない,含まない,含まない,含まない,2026-10-05,食品サンプルの札を目視,,26.8,16.2,6.8
味噌チャンポン麺,東京都市大学世田谷キャンパス食堂（９号館）,550,609,含む,含む,含まない,含まない,含まない,含まない,含まない,含む,2026-10-05,食品サンプルの札を目視,,24.3,20.1,7.3
味噌メンマコーンラーメン,東京都市大学世田谷キャンパス食堂（９号館）,550,636,含む,含む,含まない,含まない,含まない,含まない,含まない,含まない,2026-10-05,食品サンプルの札を目視,,27.2,12.3,11.3
塩バターコーンラーメン,東京都市大学世田谷キャンパス食堂（９号館）,550,666,含む,含む,含む,含まない,含まない,含まない,含まない,含まない,2026-10-05,食品サンプルの札を目視,,22.6,18.7,9.8
【スキレット】豚プルコギ,東京都市大学世田谷キャンパス食堂（９号館）,600,917,含む,含まない,含まない,含まない,含まない,含まない,含まない,含まない,2026-10-05,食品サンプルの札を目視,,22.5,45.5,1.4
洋風肉じゃがカレー風味,東京都市大学世田谷キャンパス食堂（９号館）,580,746,含む,含まない,含む,含まない,含まない,含まない,含まない,含まない,2026-10-05,食品サンプルの札を目視,,23.0,17.7,3.9
都市大　唐揚＜韓国ヤンニョムソース＞,東京都市大学世田谷キャンパス食堂（９号館）,530,994,含む,含む,含む,含まない,含まない,含まない,含まない,含まない,2026-10-05,食品サンプルの札を目視,,33.9,39.1,4.1
都市大　唐揚げ＜おろしポン酢＞,東京都市大学世田谷キャンパス食堂（９号館）,530,821,含む,含まない,含む,含まない,含まない,含まない,含まない,含まない,2026-10-05,食品サンプルの札を目視,,33.4,28.4,4.0
焼とり丼,東京都市大学世田谷キャンパス食堂（９号館）,500,819,含む,含む,含まない,含まない,含まない,含まない,含まない,含まない,2026-10-05,食品サンプルの札を目視,,35.0,25.9,3.6
【鉄板】豚焼肉,東京都市大学世田谷キャンパス食堂（９号館）,600,885,含む,含まない,含まない,含まない,含まない,含まない,含まない,含まない,2026-10-05,食品サンプルの札を目視,,25.1,40.2,2.7
白身魚の葱ソースプレート,東京都市大学世田谷キャンパス食堂（９号館）,400,589,含む,含まない,含まない,含まない,含まない,含まない,含まない,含まない,2026-10-05,食品サンプルの札を目視,,15.5,12.3,1.6
豚ロースの衣揚＜排骨肉＞,東京都市大学世田谷キャンパス食堂（９号館）,580,928,含む,含む,含む,含まない,含まない,含まない,含まない,含まない,2026-10-05,食品サンプルの札を目視,,39.1,40.5,1.8
鶏唐揚＜名古屋風甘辛だれ＞,東京都市大学世田谷キャンパス食堂（９号館）,530,881,含む,含まない,含む,含まない,含まない,含まない,含まない,含まない,2026-10-05,食品サンプルの札を目視,,33.3,33.3,4.4
明太とろろ丼,東京都市大学世田谷キャンパス食堂（９号館）,550,502,含む,含む,含まない,含まない,含まない,含まない,含まない,含まない,2026-10-05,食品サンプルの札を目視,,14.6,6.2,1.7
ビビンバ,東京都市大学世田谷キャンパス食堂（９号館）,600,693,含む,含む,含まない,含まない,含まない,含まない,含まない,含まない,2026-10-05,食品サンプルの札を目視,,25.3,19.6,2.8
